task_id,split,in_frame,declined_reason,block_rows,block_columns,identity_layout,n_blocks,blocks_described,blocks_determined,blocks_ambiguous,blocks_unmatched,fixed_layout_determined,state_layout_determined
00576224,training,True,,3,3,False,18,18,15,3,0,True,False
007bbfb7,training,True,,3,3,False,45,45,35,10,0,False,True
009d5c81,training,True,,1,1,True,5,0,0,0,5,False,False
00d62c1b,training,True,,1,1,True,5,0,0,0,5,False,False
00dbd492,training,True,,1,1,True,4,0,0,0,4,False,False
017c7c7b,training,False,output_not_block_multiple,,,,,,,,,,
025d127b,training,True,,1,1,True,2,0,0,0,2,False,False
03560426,training,True,,1,1,True,3,0,0,0,3,False,False
045e512c,training,True,,1,1,True,3,0,0,0,3,False,False
0520fde7,training,False,output_not_block_multiple,,,,,,,,,,
05269061,training,True,,1,1,True,3,0,0,0,3,False,False
05a7bcf2,training,True,,1,1,True,3,0,0,0,3,False,False
05f2a901,training,True,,1,1,True,3,0,0,0,3,False,False
0607ce86,training,True,,1,1,True,3,0,0,0,3,False,False
0692e18c,training,True,,3,3,False,27,15,15,0,12,False,False
06df4c85,training,True,,1,1,True,3,0,0,0,3,False,False
070dd51e,training,True,,1,1,True,2,0,0,0,2,False,False
08ed6ac7,training,True,,1,1,True,2,0,0,0,2,False,False
09629e4f,training,True,,1,1,True,4,0,0,0,4,False,False
0962bcdd,training,True,,1,1,True,2,0,0,0,2,False,False
09c534e7,training,True,,1,1,True,3,0,0,0,3,False,False
0a1d4ef5,training,False,output_not_block_multiple,,,,,,,,,,
0a2355a6,training,True,,1,1,True,4,0,0,0,4,False,False
0a938d79,training,True,,1,1,True,4,0,0,0,4,False,False
0b148d64,training,False,output_not_block_multiple,,,,,,,,,,
0b17323b,training,True,,1,1,True,2,0,0,0,2,False,False
0bb8deee,training,False,output_not_block_multiple,,,,,,,,,,
0becf7df,training,True,,1,1,True,3,0,0,0,3,False,False
0c786b71,training,True,,2,2,False,12,12,12,0,0,True,False
0c9aba6e,training,False,output_not_block_multiple,,,,,,,,,,
0ca9ddb6,training,True,,1,1,True,3,0,0,0,3,False,False
0d3d703e,training,True,,1,1,True,4,0,0,0,4,False,False
0d87d2a6,training,True,,1,1,True,3,0,0,0,3,False,False
0e206a2e,training,True,,1,1,True,3,0,0,0,3,False,False
0e671a1a,training,True,,1,1,True,4,0,0,0,4,False,False
0f63c0b9,training,True,,1,1,True,4,0,0,0,4,False,False
103eff5b,training,True,,1,1,True,2,0,0,0,2,False,False
10fcaaa3,training,True,,2,2,False,16,0,0,0,16,False,False
11852cab,training,True,,1,1,True,3,0,0,0,3,False,False
1190bc91,training,True,,1,1,True,3,0,0,0,3,False,False
1190e5a7,training,False,output_not_block_multiple,,,,,,,,,,
11dc524f,training,True,,1,1,True,3,0,0,0,3,False,False
11e1fe23,training,True,,1,1,True,2,0,0,0,2,False,False
12422b43,training,True,,1,1,True,5,0,0,0,5,False,False
12997ef3,training,False,output_not_block_multiple,,,,,,,,,,
12eac192,training,True,,1,1,True,4,0,0,0,4,False,False
13713586,training,True,,1,1,True,3,0,0,0,3,False,False
137eaa0f,training,False,output_not_block_multiple,,,,,,,,,,
137f0df0,training,True,,1,1,True,3,0,0,0,3,False,False
13f06aa5,training,True,,1,1,True,3,0,0,0,3,False,False
140c817e,training,True,,1,1,True,3,0,0,0,3,False,False
14754a24,training,True,,1,1,True,4,0,0,0,4,False,False
1478ab18,training,True,,1,1,True,3,0,0,0,3,False,False
14b8e18c,training,True,,1,1,True,3,0,0,0,3,False,False
150deff5,training,True,,1,1,True,3,0,0,0,3,False,False
15113be4,training,True,,1,1,True,3,0,0,0,3,False,False
15660dd6,training,False,output_not_block_multiple,,,,,,,,,,
15663ba9,training,True,,1,1,True,3,0,0,0,3,False,False
15696249,training,True,,3,3,False,36,36,33,3,0,False,False
17829a00,training,True,,1,1,True,2,0,0,0,2,False,False
178fcbfb,training,True,,1,1,True,3,0,0,0,3,False,False
17b80ad2,training,True,,1,1,True,4,0,0,0,4,False,False
17b866bd,training,True,,1,1,True,2,0,0,0,2,False,False
17cae0c1,training,True,,1,1,True,4,0,0,0,4,False,False
18286ef8,training,True,,1,1,True,3,0,0,0,3,False,False
182e5d0f,training,True,,1,1,True,3,0,0,0,3,False,False
18419cfa,training,True,,1,1,True,3,0,0,0,3,False,False
18447a8d,training,True,,1,1,True,3,0,0,0,3,False,False
184a9768,training,True,,1,1,True,3,0,0,0,3,False,False
195ba7dc,training,False,output_not_block_multiple,,,,,,,,,,
1990f7a8,training,False,output_not_block_multiple,,,,,,,,,,
19bb5feb,training,False,output_not_block_multiple,,,,,,,,,,
1a07d186,training,True,,1,1,True,3,0,0,0,3,False,False
1a244afd,training,True,,1,1,True,3,0,0,0,3,False,False
1a2e2828,training,False,output_not_block_multiple,,,,,,,,,,
1a6449f1,training,False,output_not_block_multiple,,,,,,,,,,
1acc24af,training,True,,1,1,True,4,0,0,0,4,False,False
1b2d62fb,training,False,output_not_block_multiple,,,,,,,,,,
1b59e163,training,True,,1,1,True,2,0,0,0,2,False,False
1b60fb0c,training,True,,1,1,True,3,0,0,0,3,False,False
1b8318e3,training,True,,1,1,True,3,0,0,0,3,False,False
1be83260,training,False,output_not_block_multiple,,,,,,,,,,
1bfc4729,training,True,,1,1,True,2,0,0,0,2,False,False
1c02dbbe,training,True,,1,1,True,3,0,0,0,3,False,False
1c0d0a4b,training,True,,1,1,True,3,0,0,0,3,False,False
1c56ad9f,training,True,,1,1,True,4,0,0,0,4,False,False
1c786137,training,False,output_not_block_multiple,,,,,,,,,,
1caeab9d,training,True,,1,1,True,3,0,0,0,3,False,False
1cf80156,training,False,output_not_block_multiple,,,,,,,,,,
1d0a4b61,training,True,,1,1,True,3,0,0,0,3,False,False
1d398264,training,True,,1,1,True,3,0,0,0,3,False,False
1d61978c,training,True,,1,1,True,2,0,0,0,2,False,False
1da012fc,training,True,,1,1,True,2,0,0,0,2,False,False
1e0a9b12,training,True,,1,1,True,3,0,0,0,3,False,False
1e32b0e9,training,True,,1,1,True,3,0,0,0,3,False,False
1e5d6875,training,True,,1,1,True,2,0,0,0,2,False,False
1e81d6f9,training,True,,1,1,True,3,0,0,0,3,False,False
1efba499,training,True,,1,1,True,3,0,0,0,3,False,False
1f0c79e5,training,True,,1,1,True,4,0,0,0,4,False,False
1f642eb9,training,True,,1,1,True,3,0,0,0,3,False,False
1f85a75f,training,False,output_not_block_multiple,,,,,,,,,,
1f876c06,training,True,,1,1,True,3,0,0,0,3,False,False
1fad071e,training,False,output_not_block_multiple,,,,,,,,,,
2013d3e2,training,False,output_not_block_multiple,,,,,,,,,,
2037f2c7,training,False,output_not_block_multiple,,,,,,,,,,
2072aba6,training,True,,2,2,False,12,0,0,0,12,False,False
20818e16,training,False,output_not_block_multiple,,,,,,,,,,
20981f0e,training,True,,1,1,True,3,0,0,0,3,False,False
20fb2937,training,False,output_not_block_multiple,,,,,,,,,,
212895b5,training,True,,1,1,True,3,0,0,0,3,False,False
21f83797,training,True,,1,1,True,2,0,0,0,2,False,False
2204b7a8,training,True,,1,1,True,3,0,0,0,3,False,False
22168020,training,True,,1,1,True,3,0,0,0,3,False,False
22208ba4,training,True,,1,1,True,4,0,0,0,4,False,False
22233c11,training,True,,1,1,True,3,0,0,0,3,False,False
22425bda,training,False,output_not_block_multiple,,,,,,,,,,
22806e14,training,True,,1,1,True,3,0,0,0,3,False,False
2281f1f4,training,True,,1,1,True,3,0,0,0,3,False,False
228f6490,training,True,,1,1,True,3,0,0,0,3,False,False
22a4bbc2,training,True,,1,1,True,4,0,0,0,4,False,False
22eb0ac0,training,True,,1,1,True,3,1,1,0,2,False,False
230f2e48,training,True,,1,1,True,3,0,0,0,3,False,False
234bbc79,training,False,output_not_block_multiple,,,,,,,,,,
23581191,training,True,,1,1,True,2,0,0,0,2,False,False
239be575,training,False,output_not_block_multiple,,,,,,,,,,
23b5c85d,training,False,output_not_block_multiple,,,,,,,,,,
25094a63,training,True,,1,1,True,2,0,0,0,2,False,False
252143c9,training,True,,1,1,True,2,0,0,0,2,False,False
253bf280,training,True,,1,1,True,8,2,0,2,6,False,False
2546ccf6,training,True,,1,1,True,2,0,0,0,2,False,False
256b0a75,training,True,,1,1,True,3,0,0,0,3,False,False
25c199f5,training,False,output_not_block_multiple,,,,,,,,,,
25d487eb,training,True,,1,1,True,3,0,0,0,3,False,False
25d8a9c8,training,True,,1,1,True,4,0,0,0,4,False,False
25e02866,training,False,output_not_block_multiple,,,,,,,,,,
25ff71a9,training,True,,1,1,True,4,0,0,0,4,False,False
2601afb7,training,True,,1,1,True,3,0,0,0,3,False,False
264363fd,training,True,,1,1,True,3,0,0,0,3,False,False
2685904e,training,True,,1,1,True,6,0,0,0,6,False,False
2697da3f,training,False,output_not_block_multiple,,,,,,,,,,
272f95fa,training,True,,1,1,True,2,0,0,0,2,False,False
2753e76c,training,False,output_not_block_multiple,,,,,,,,,,
278e5215,training,False,output_not_block_multiple,,,,,,,,,,
27a28665,training,False,output_not_block_multiple,,,,,,,,,,
27a77e38,training,True,,1,1,True,3,0,0,0,3,False,False
27f8ce4f,training,True,,3,3,False,36,36,36,0,0,False,False
281123b4,training,False,output_not_block_multiple,,,,,,,,,,
28bf18c6,training,False,output_not_block_multiple,,,,,,,,,,
28e73c20,training,True,,1,1,True,5,0,0,0,5,False,False
292dd178,training,True,,1,1,True,3,0,0,0,3,False,False
29623171,training,True,,1,1,True,3,0,0,0,3,False,False
29700607,training,True,,1,1,True,3,0,0,0,3,False,False
29c11459,training,True,,1,1,True,2,0,0,0,2,False,False
2a28add5,training,True,,1,1,True,2,0,0,0,2,False,False
2a5f8217,training,True,,1,1,True,3,0,0,0,3,False,False
2b01abd0,training,True,,1,1,True,3,0,0,0,3,False,False
2b9ef948,training,True,,1,1,True,3,0,0,0,3,False,False
2bcee788,training,True,,1,1,True,4,0,0,0,4,False,False
2bee17df,training,True,,1,1,True,3,0,0,0,3,False,False
2c0b0aff,training,False,output_not_block_multiple,,,,,,,,,,
2c608aff,training,True,,1,1,True,4,0,0,0,4,False,False
2c737e39,training,True,,1,1,True,3,0,0,0,3,False,False
2ccd9fef,training,False,output_not_block_multiple,,,,,,,,,,
2dc579da,training,False,output_not_block_multiple,,,,,,,,,,
2dd70a9a,training,True,,1,1,True,3,0,0,0,3,False,False
2de01db2,training,True,,1,1,True,3,1,1,0,2,False,False
2dee498d,training,False,output_not_block_multiple,,,,,,,,,,
2e65ae53,training,True,,1,1,True,2,0,0,0,2,False,False
2f0c5170,training,False,output_not_block_multiple,,,,,,,,,,
2f767503,training,True,,1,1,True,3,0,0,0,3,False,False
2faf500b,training,True,,1,1,True,3,0,0,0,3,False,False
305b1341,training,True,,1,1,True,3,0,0,0,3,False,False
30f42897,training,True,,1,1,True,3,0,0,0,3,False,False
310f3251,training,True,,3,3,False,45,0,0,0,45,False,False
3194b014,training,False,output_not_block_multiple,,,,,,,,,,
319f2597,training,True,,1,1,True,3,0,0,0,3,False,False
31aa019c,training,True,,1,1,True,3,0,0,0,3,False,False
31adaf00,training,True,,1,1,True,3,0,0,0,3,False,False
31d5ba1a,training,False,output_not_block_multiple,,,,,,,,,,
320afe60,training,True,,1,1,True,3,0,0,0,3,False,False
321b1fc6,training,True,,1,1,True,2,0,0,0,2,False,False
32597951,training,True,,1,1,True,3,0,0,0,3,False,False
32e9702f,training,True,,1,1,True,3,0,0,0,3,False,False
33067df9,training,False,output_not_block_multiple,,,,,,,,,,
332202d5,training,True,,1,1,True,3,0,0,0,3,False,False
332efdb3,training,True,,1,1,True,3,0,0,0,3,False,False
3345333e,training,True,,1,1,True,2,0,0,0,2,False,False
337b420f,training,False,output_not_block_multiple,,,,,,,,,,
3391f8c0,training,True,,1,1,True,4,0,0,0,4,False,False
33b52de3,training,True,,1,1,True,2,0,0,0,2,False,False
3428a4f5,training,False,output_not_block_multiple,,,,,,,,,,
342ae2ed,training,True,,1,1,True,3,0,0,0,3,False,False
342dd610,training,True,,1,1,True,4,0,0,0,4,False,False
3490cc26,training,True,,1,1,True,4,0,0,0,4,False,False
34b99a2b,training,False,output_not_block_multiple,,,,,,,,,,
34cfa167,training,True,,1,1,True,2,0,0,0,2,False,False
351d6448,training,False,output_not_block_multiple,,,,,,,,,,
358ba94e,training,False,output_not_block_multiple,,,,,,,,,,
3618c87e,training,True,,1,1,True,3,0,0,0,3,False,False
363442ee,training,True,,1,1,True,3,0,0,0,3,False,False
36d67576,training,True,,1,1,True,3,0,0,0,3,False,False
36fdfd69,training,True,,1,1,True,3,0,0,0,3,False,False
37ce87bb,training,True,,1,1,True,3,0,0,0,3,False,False
37d3e8b2,training,True,,1,1,True,3,0,0,0,3,False,False
3906de3d,training,True,,1,1,True,3,0,0,0,3,False,False
396d80d7,training,True,,1,1,True,2,0,0,0,2,False,False
3979b1a8,training,True,,2,2,False,8,2,0,2,6,False,False
39a8645d,training,False,output_not_block_multiple,,,,,,,,,,
39e1d7f9,training,True,,1,1,True,3,0,0,0,3,False,False
3a301edc,training,True,,1,1,True,5,0,0,0,5,False,False
3aa6fb7a,training,True,,1,1,True,2,0,0,0,2,False,False
3ac3eb23,training,True,,1,1,True,2,0,0,0,2,False,False
3ad05f52,training,True,,1,1,True,3,0,0,0,3,False,False
3af2c5a8,training,True,,2,2,False,12,12,8,4,0,True,False
3b4c2228,training,False,output_not_block_multiple,,,,,,,,,,
3bd292e8,training,True,,1,1,True,3,0,0,0,3,False,False
3bd67248,training,True,,1,1,True,3,0,0,0,3,False,False
3bdb4ada,training,True,,1,1,True,2,0,0,0,2,False,False
3befdf3e,training,True,,1,1,True,3,0,0,0,3,False,False
3c9b0459,training,True,,1,1,True,4,4,4,0,0,True,False
3cd86f4f,training,False,output_not_block_multiple,,,,,,,,,,
3d31c5b3,training,False,output_not_block_multiple,,,,,,,,,,
3d588dc9,training,True,,1,1,True,2,0,0,0,2,False,False
3d6c6e23,training,True,,1,1,True,3,0,0,0,3,False,False
3de23699,training,False,output_not_block_multiple,,,,,,,,,,
3e980e27,training,True,,1,1,True,4,0,0,0,4,False,False
3eda0437,training,True,,1,1,True,4,0,0,0,4,False,False
3ee1011a,training,False,output_not_block_multiple,,,,,,,,,,
3f23242b,training,True,,1,1,True,2,0,0,0,2,False,False
3f7978a0,training,False,output_not_block_multiple,,,,,,,,,,
4093f84a,training,True,,1,1,True,3,0,0,0,3,False,False
40f6cd08,training,True,,1,1,True,3,0,0,0,3,False,False
412b6263,training,False,output_not_block_multiple,,,,,,,,,,
414297c0,training,False,output_not_block_multiple,,,,,,,,,,
41ace6b5,training,True,,1,1,True,3,0,0,0,3,False,False
41e4d17e,training,True,,1,1,True,2,0,0,0,2,False,False
423a55dc,training,True,,1,1,True,5,0,0,0,5,False,False
4258a5f9,training,True,,1,1,True,2,0,0,0,2,False,False
4290ef0e,training,False,output_not_block_multiple,,,,,,,,,,
42918530,training,True,,1,1,True,4,0,0,0,4,False,False
42a15761,training,True,,1,1,True,3,0,0,0,3,False,False
42a50994,training,True,,1,1,True,4,0,0,0,4,False,False
42f14c03,training,False,output_not_block_multiple,,,,,,,,,,
42f83767,training,False,output_not_block_multiple,,,,,,,,,,
4347f46a,training,True,,1,1,True,3,0,0,0,3,False,False
4364c1c4,training,True,,1,1,True,3,0,0,0,3,False,False
444801d8,training,True,,1,1,True,3,0,0,0,3,False,False
445eab21,training,False,output_not_block_multiple,,,,,,,,,,
447fd412,training,True,,1,1,True,3,0,0,0,3,False,False
44d8ac46,training,True,,1,1,True,4,1,1,0,3,False,False
44f52bb0,training,False,output_not_block_multiple,,,,,,,,,,
4522001f,training,True,,3,3,False,18,4,4,0,14,False,False
456873bc,training,True,,1,1,True,3,0,0,0,3,False,False
45737921,training,True,,1,1,True,3,0,0,0,3,False,False
458e3a53,training,False,output_not_block_multiple,,,,,,,,,,
45bbe264,training,True,,1,1,True,3,0,0,0,3,False,False
4612dd53,training,True,,1,1,True,3,0,0,0,3,False,False
46442a0e,training,True,,2,2,False,12,12,6,6,0,True,False
465b7d93,training,True,,1,1,True,3,0,0,0,3,False,False
469497ad,training,False,inconsistent_block_layout,,,,,,,,,,
46c35fc7,training,True,,1,1,True,3,0,0,0,3,False,False
46f33fce,training,True,,2,2,False,12,3,3,0,9,False,False
470c91de,training,True,,1,1,True,3,0,0,0,3,False,False
47c1f68c,training,False,output_not_block_multiple,,,,,,,,,,
48131b3c,training,True,,2,2,False,12,4,0,4,8,False,False
484b58aa,training,True,,1,1,True,3,0,0,0,3,False,False
4852f2fa,training,False,output_not_block_multiple,,,,,,,,,,
48634b99,training,True,,1,1,True,3,0,0,0,3,False,False
48d8fb45,training,False,output_not_block_multiple,,,,,,,,,,
48f8583b,training,True,,3,3,False,54,54,51,3,0,False,False
4938f0c2,training,True,,1,1,True,3,1,1,0,2,False,False
494ef9d7,training,True,,1,1,True,4,0,0,0,4,False,False
496994bd,training,True,,1,1,True,2,0,0,0,2,False,False
49d1d64f,training,False,output_not_block_multiple,,,,,,,,,,
4a1cacc2,training,True,,1,1,True,4,0,0,0,4,False,False
4acc7107,training,True,,1,1,True,4,0,0,0,4,False,False
4b6b68e5,training,True,,1,1,True,3,0,0,0,3,False,False
4be741c5,training,False,output_not_block_multiple,,,,,,,,,,
4c177718,training,False,output_not_block_multiple,,,,,,,,,,
4c4377d9,training,True,,2,1,False,8,8,6,2,0,True,False
4c5c2cf0,training,True,,1,1,True,3,0,0,0,3,False,False
4cd1b7b2,training,True,,1,1,True,3,0,0,0,3,False,False
4df5b0ae,training,True,,1,1,True,3,0,0,0,3,False,False
4e45f183,training,True,,1,1,True,3,0,0,0,3,False,False
4e469f39,training,True,,1,1,True,3,0,0,0,3,False,False
4e7e0eb9,training,True,,1,1,True,4,1,1,0,3,False,False
4f537728,training,True,,1,1,True,2,0,0,0,2,False,False
4ff4c9da,training,True,,1,1,True,3,0,0,0,3,False,False
5034a0b5,training,True,,1,1,True,4,0,0,0,4,False,False
505fff84,training,False,output_not_block_multiple,,,,,,,,,,
506d28a5,training,False,output_not_block_multiple,,,,,,,,,,
50846271,training,True,,1,1,True,4,0,0,0,4,False,False
508bd3b6,training,True,,1,1,True,3,0,0,0,3,False,False
50a16a69,training,True,,1,1,True,3,0,0,0,3,False,False
50aad11f,training,False,output_not_block_multiple,,,,,,,,,,
50c07299,training,True,,1,1,True,3,0,0,0,3,False,False
50cb2852,training,True,,1,1,True,3,0,0,0,3,False,False
50f325b5,training,True,,1,1,True,4,0,0,0,4,False,False
5117e062,training,False,output_not_block_multiple,,,,,,,,,,
5168d44c,training,True,,1,1,True,3,1,1,0,2,False,False
516b51b7,training,True,,1,1,True,3,0,0,0,3,False,False
5207a7b5,training,True,,1,1,True,3,0,0,0,3,False,False
522fdd07,training,True,,1,1,True,4,0,0,0,4,False,False
52364a65,training,True,,1,1,True,2,0,0,0,2,False,False
5289ad53,training,False,output_not_block_multiple,,,,,,,,,,
52df9849,training,True,,1,1,True,2,0,0,0,2,False,False
52fd389e,training,True,,1,1,True,3,0,0,0,3,False,False
538b439f,training,True,,1,1,True,2,0,0,0,2,False,False
539a4f51,training,True,,2,2,False,12,2,2,0,10,False,False
53b68214,training,False,output_not_block_multiple,,,,,,,,,,
543a7ed5,training,True,,1,1,True,2,0,0,0,2,False,False
54d82841,training,True,,1,1,True,3,0,0,0,3,False,False
54d9e175,training,True,,1,1,True,4,0,0,0,4,False,False
54db823b,training,True,,1,1,True,4,0,0,0,4,False,False
54dc2872,training,True,,1,1,True,2,0,0,0,2,False,False
55059096,training,True,,1,1,True,3,0,0,0,3,False,False
551d5bf1,training,True,,1,1,True,2,0,0,0,2,False,False
5521c0d9,training,True,,1,1,True,3,0,0,0,3,False,False
5582e5ca,training,True,,1,1,True,3,0,0,0,3,False,False
5587a8d0,training,False,output_not_block_multiple,,,,,,,,,,
5614dbcf,training,False,output_not_block_multiple,,,,,,,,,,
5623160b,training,True,,1,1,True,3,0,0,0,3,False,False
56dc2b01,training,True,,1,1,True,3,0,0,0,3,False,False
56ff96f3,training,True,,1,1,True,4,0,0,0,4,False,False
5751f35e,training,True,,1,1,True,2,0,0,0,2,False,False
575b1a71,training,True,,1,1,True,3,0,0,0,3,False,False
5783df64,training,False,output_not_block_multiple,,,,,,,,,,
5792cb4d,training,True,,1,1,True,2,0,0,0,2,False,False
57aa92db,training,True,,1,1,True,4,0,0,0,4,False,False
57edb29d,training,False,output_not_block_multiple,,,,,,,,,,
5833af48,training,False,output_not_block_multiple,,,,,,,,,,
58743b76,training,True,,1,1,True,2,0,0,0,2,False,False
58c02a16,training,True,,1,1,True,3,0,0,0,3,False,False
58e15b12,training,True,,1,1,True,3,0,0,0,3,False,False
59341089,training,True,,1,4,False,16,16,14,2,0,True,False
5a5a2103,training,True,,1,1,True,2,0,0,0,2,False,False
5a719d11,training,True,,1,1,True,3,0,0,0,3,False,False
5ad4f10b,training,False,output_not_block_multiple,,,,,,,,,,
5ad8a7c0,training,True,,1,1,True,5,2,0,2,3,False,False
5adee1b2,training,True,,1,1,True,2,0,0,0,2,False,False
5af49b42,training,True,,1,1,True,3,0,0,0,3,False,False
5b37cb25,training,True,,1,1,True,2,0,0,0,2,False,False
5b526a93,training,True,,1,1,True,2,0,0,0,2,False,False
5b692c0f,training,True,,1,1,True,2,0,0,0,2,False,False
5b6cbef5,training,True,,4,4,False,80,80,80,0,0,False,True
5bd6f4ac,training,False,output_not_block_multiple,,,,,,,,,,
5c0a986e,training,True,,1,1,True,3,0,0,0,3,False,False
5c2c9af4,training,True,,1,1,True,3,0,0,0,3,False,False
5d2a5c43,training,False,output_not_block_multiple,,,,,,,,,,
5d588b4d,training,False,output_not_block_multiple,,,,,,,,,,
5daaa586,training,False,output_not_block_multiple,,,,,,,,,,
5e6bbc0b,training,True,,1,1,True,4,0,0,0,4,False,False
5ecac7f7,training,False,output_not_block_multiple,,,,,,,,,,
5ffb2104,training,True,,1,1,True,3,0,0,0,3,False,False
60a26a3e,training,True,,1,1,True,3,0,0,0,3,False,False
60b61512,training,True,,1,1,True,2,0,0,0,2,False,False
60c09cac,training,True,,2,2,False,8,1,1,0,7,False,False
60d73be6,training,True,,1,1,True,3,0,0,0,3,False,False
6150a2bd,training,True,,1,1,True,2,2,2,0,0,True,False
6165ea8f,training,False,output_not_block_multiple,,,,,,,,,,
623ea044,training,True,,1,1,True,3,0,0,0,3,False,False
626c0bcc,training,True,,1,1,True,3,0,0,0,3,False,False
62ab2642,training,True,,1,1,True,3,0,0,0,3,False,False
62b74c02,training,True,,1,1,True,3,0,0,0,3,False,False
62c24649,training,True,,2,2,False,12,12,12,0,0,True,False
6350f1f4,training,True,,1,1,True,4,0,0,0,4,False,False
63613498,training,True,,1,1,True,3,0,0,0,3,False,False
639f5a19,training,True,,1,1,True,2,0,0,0,2,False,False
642248e4,training,True,,1,1,True,3,0,0,0,3,False,False
642d658d,training,False,output_not_block_multiple,,,,,,,,,,
6430c8c4,training,False,output_not_block_multiple,,,,,,,,,,
6455b5f5,training,True,,1,1,True,4,0,0,0,4,False,False
64a7c07e,training,True,,1,1,True,3,0,0,0,3,False,False
652646ff,training,False,output_not_block_multiple,,,,,,,,,,
662c240a,training,False,output_not_block_multiple,,,,,,,,,,
668eec9a,training,False,output_not_block_multiple,,,,,,,,,,
66ac4c3b,training,True,,1,1,True,2,0,0,0,2,False,False
66e6c45b,training,True,,1,1,True,2,0,0,0,2,False,False
66f2d22f,training,False,output_not_block_multiple,,,,,,,,,,
67385a82,training,True,,1,1,True,4,0,0,0,4,False,False
673ef223,training,True,,1,1,True,3,0,0,0,3,False,False
67636eac,training,False,output_not_block_multiple,,,,,,,,,,
6773b310,training,False,output_not_block_multiple,,,,,,,,,,
67a3c6ac,training,True,,1,1,True,3,3,3,0,0,True,False
67a423a3,training,True,,1,1,True,3,0,0,0,3,False,False
67c52801,training,True,,1,1,True,4,0,0,0,4,False,False
67e8384a,training,True,,2,2,False,16,16,16,0,0,True,False
681b3aeb,training,False,output_not_block_multiple,,,,,,,,,,
6855a6e4,training,True,,1,1,True,3,0,0,0,3,False,False
689c358e,training,True,,1,1,True,2,0,0,0,2,False,False
68b16354,training,True,,1,1,True,3,3,3,0,0,True,False
68b67ca3,training,False,output_not_block_multiple,,,,,,,,,,
68bc2e87,training,False,output_not_block_multiple,,,,,,,,,,
692cd3b6,training,True,,1,1,True,3,0,0,0,3,False,False
694f12f3,training,True,,1,1,True,2,0,0,0,2,False,False
695367ec,training,False,output_not_block_multiple,,,,,,,,,,
696d4842,training,True,,1,1,True,3,0,0,0,3,False,False
69889d6e,training,True,,1,1,True,4,0,0,0,4,False,False
6a11f6da,training,False,output_not_block_multiple,,,,,,,,,,
6a1e5592,training,True,,1,1,True,2,0,0,0,2,False,False
6a980be1,training,True,,1,1,True,3,0,0,0,3,False,False
6aa20dc0,training,True,,1,1,True,3,0,0,0,3,False,False
6ad5bdfd,training,True,,1,1,True,3,0,0,0,3,False,False
6b9890af,training,False,output_not_block_multiple,,,,,,,,,,
6bcdb01e,training,True,,1,1,True,2,0,0,0,2,False,False
6c434453,training,True,,1,1,True,2,0,0,0,2,False,False
6ca952ad,training,True,,1,1,True,3,0,0,0,3,False,False
6cbe9eb8,training,False,output_not_block_multiple,,,,,,,,,,
6cdd2623,training,True,,1,1,True,3,0,0,0,3,False,False
6cf79266,training,True,,1,1,True,3,0,0,0,3,False,False
6d0160f0,training,True,,1,1,True,4,0,0,0,4,False,False
6d0aefbc,training,True,,1,2,False,8,8,8,0,0,True,False
6d1d5c90,training,False,output_not_block_multiple,,,,,,,,,,
6d58a25d,training,True,,1,1,True,3,0,0,0,3,False,False
6d75e8bb,training,True,,1,1,True,3,0,0,0,3,False,False
6df30ad6,training,True,,1,1,True,5,0,0,0,5,False,False
6e02f1e3,training,True,,1,1,True,5,0,0,0,5,False,False
6e19193c,training,True,,1,1,True,2,0,0,0,2,False,False
6e82a1ae,training,True,,1,1,True,3,0,0,0,3,False,False
6ea4a07e,training,True,,1,1,True,6,0,0,0,6,False,False
6ecd11f4,training,False,output_not_block_multiple,,,,,,,,,,
6f473927,training,True,,1,2,False,8,4,3,1,4,False,False
6f8cd79b,training,True,,1,1,True,4,0,0,0,4,False,False
6fa7a44f,training,True,,2,1,False,8,8,6,2,0,True,False
6ffe8f07,training,True,,1,1,True,4,0,0,0,4,False,False
7039b2d7,training,False,output_not_block_multiple,,,,,,,,,,
705a3229,training,True,,1,1,True,4,0,0,0,4,False,False
712bf12e,training,True,,1,1,True,3,0,0,0,3,False,False
72207abc,training,True,,1,1,True,3,0,0,0,3,False,False
72322fa7,training,True,,1,1,True,3,0,0,0,3,False,False
72a961c9,training,True,,1,1,True,4,0,0,0,4,False,False
72ca375d,training,False,output_not_block_multiple,,,,,,,,,,
73182012,training,False,output_not_block_multiple,,,,,,,,,,
73c3b0d8,training,True,,1,1,True,4,0,0,0,4,False,False
73ccf9c2,training,False,output_not_block_multiple,,,,,,,,,,
7447852a,training,True,,1,1,True,3,0,0,0,3,False,False
7468f01a,training,False,output_not_block_multiple,,,,,,,,,,
746b3537,training,False,output_not_block_multiple,,,,,,,,,,
74dd1130,training,True,,1,1,True,4,0,0,0,4,False,False
753ea09b,training,True,,1,1,True,3,0,0,0,3,False,False
758abdf0,training,True,,1,1,True,2,0,0,0,2,False,False
759f3fd3,training,True,,1,1,True,2,0,0,0,2,False,False
75b8110e,training,False,output_not_block_multiple,,,,,,,,,,
760b3cac,training,True,,1,1,True,3,0,0,0,3,False,False
762cd429,training,True,,1,1,True,3,0,0,0,3,False,False
770cc55f,training,True,,1,1,True,4,0,0,0,4,False,False
776ffc46,training,True,,1,1,True,4,0,0,0,4,False,False
77fdfe62,training,False,output_not_block_multiple,,,,,,,,,,
780d0b14,training,False,output_not_block_multiple,,,,,,,,,,
782b5218,training,True,,1,1,True,3,0,0,0,3,False,False
7837ac64,training,False,output_not_block_multiple,,,,,,,,,,
78e78cff,training,True,,1,1,True,2,0,0,0,2,False,False
79369cc6,training,True,,1,1,True,3,0,0,0,3,False,False
794b24be,training,True,,1,1,True,10,0,0,0,10,False,False
7953d61e,training,True,,2,2,False,20,20,20,0,0,True,False
79cce52d,training,False,output_not_block_multiple,,,,,,,,,,
7acdf6d3,training,True,,1,1,True,2,0,0,0,2,False,False
7b6016b9,training,True,,1,1,True,3,0,0,0,3,False,False
7b7f7511,training,False,output_not_block_multiple,,,,,,,,,,
7bb29440,training,False,output_not_block_multiple,,,,,,,,,,
7c008303,training,False,output_not_block_multiple,,,,,,,,,,
7c8af763,training,True,,1,1,True,3,0,0,0,3,False,False
7c9b52a0,training,False,output_not_block_multiple,,,,,,,,,,
7d18a6fb,training,False,output_not_block_multiple,,,,,,,,,,
7d1f7ee8,training,True,,1,1,True,3,0,0,0,3,False,False
7d419a02,training,True,,1,1,True,3,0,0,0,3,False,False
7d7772cc,training,True,,1,1,True,2,0,0,0,2,False,False
7ddcd7ec,training,True,,1,1,True,3,0,0,0,3,False,False
7df24a62,training,True,,1,1,True,4,0,0,0,4,False,False
7e02026e,training,True,,1,1,True,3,0,0,0,3,False,False
7e0986d6,training,True,,1,1,True,2,0,0,0,2,False,False
7e2bad24,training,True,,1,1,True,3,0,0,0,3,False,False
7e4d4f7c,training,False,output_not_block_multiple,,,,,,,,,,
7e576d6e,training,True,,1,1,True,3,0,0,0,3,False,False
7ec998c9,training,True,,1,1,True,3,0,0,0,3,False,False
7ee1c6ea,training,True,,1,1,True,3,0,0,0,3,False,False
7f4411dc,training,True,,1,1,True,3,0,0,0,3,False,False
7fe24cdd,training,True,,2,2,False,12,12,8,4,0,True,False
80214e03,training,False,output_not_block_multiple,,,,,,,,,,
80af3007,training,False,output_not_block_multiple,,,,,,,,,,
810b9b61,training,True,,1,1,True,3,0,0,0,3,False,False
817e6c09,training,True,,1,1,True,5,0,0,0,5,False,False
81c0276b,training,False,output_not_block_multiple,,,,,,,,,,
825aa9e9,training,True,,1,1,True,4,0,0,0,4,False,False
82819916,training,True,,1,1,True,4,0,0,0,4,False,False
83302e8f,training,True,,1,1,True,3,0,0,0,3,False,False
833966f4,training,True,,1,1,True,2,0,0,0,2,False,False
833dafe3,training,True,,2,2,False,8,8,8,0,0,True,False
834ec97d,training,True,,1,1,True,3,0,0,0,3,False,False
83b6b474,training,False,output_not_block_multiple,,,,,,,,,,
83eb0a57,training,False,output_not_block_multiple,,,,,,,,,,
8403a5d5,training,True,,1,1,True,3,0,0,0,3,False,False
84551f4c,training,True,,1,1,True,3,0,0,0,3,False,False
845d6e51,training,True,,1,1,True,3,0,0,0,3,False,False
846bdb03,training,False,output_not_block_multiple,,,,,,,,,,
84ba50d3,training,True,,1,1,True,3,0,0,0,3,False,False
84db8fc4,training,True,,1,1,True,4,0,0,0,4,False,False
84f2aca1,training,True,,1,1,True,4,0,0,0,4,False,False
855e0971,training,True,,1,1,True,4,0,0,0,4,False,False
8597cfd7,training,False,output_not_block_multiple,,,,,,,,,,
85b81ff1,training,True,,1,1,True,4,0,0,0,4,False,False
85c4e7cd,training,True,,1,1,True,4,0,0,0,4,False,False
85fa5666,training,True,,1,1,True,4,0,0,0,4,False,False
8618d23e,training,False,output_not_block_multiple,,,,,,,,,,
868de0fa,training,True,,1,1,True,5,0,0,0,5,False,False
8719f442,training,True,,5,5,False,75,63,55,8,12,False,False
8731374e,training,False,output_not_block_multiple,,,,,,,,,,
878187ab,training,False,output_not_block_multiple,,,,,,,,,,
87ab05b8,training,True,,1,1,True,3,0,0,0,3,False,False
880c1354,training,True,,1,1,True,3,0,0,0,3,False,False
88207623,training,True,,1,1,True,2,0,0,0,2,False,False
8886d717,training,True,,1,1,True,3,0,0,0,3,False,False
88a10436,training,True,,1,1,True,3,0,0,0,3,False,False
88a62173,training,False,output_not_block_multiple,,,,,,,,,,
890034e9,training,True,,1,1,True,3,0,0,0,3,False,False
891232d6,training,True,,1,1,True,4,0,0,0,4,False,False
896d5239,training,True,,1,1,True,3,0,0,0,3,False,False
8a004b2b,training,False,output_not_block_multiple,,,,,,,,,,
8a371977,training,True,,1,1,True,3,0,0,0,3,False,False
8a6d367c,training,False,output_not_block_multiple,,,,,,,,,,
8abad3cf,training,False,output_not_block_multiple,,,,,,,,,,
8b28cd80,training,True,,3,3,False,45,0,0,0,45,False,False
8ba14f53,training,False,output_not_block_multiple,,,,,,,,,,
8be77c9e,training,True,,2,1,False,6,6,6,0,0,True,False
8cb8642d,training,True,,1,1,True,3,0,0,0,3,False,False
8d5021e8,training,True,,3,2,False,18,18,6,12,0,True,False
8d510a79,training,True,,1,1,True,2,0,0,0,2,False,False
8dab14c2,training,True,,1,1,True,4,0,0,0,4,False,False
8dae5dfc,training,True,,1,1,True,4,0,0,0,4,False,False
8e1813be,training,False,output_not_block_multiple,,,,,,,,,,
8e2edd66,training,True,,3,3,False,27,15,15,0,12,False,False
8e301a54,training,True,,1,1,True,3,0,0,0,3,False,False
8e5a5113,training,True,,1,1,True,3,0,0,0,3,False,False
8eb1be9a,training,True,,1,1,True,2,0,0,0,2,False,False
8ee62060,training,True,,1,1,True,3,0,0,0,3,False,False
8efcae92,training,False,output_not_block_multiple,,,,,,,,,,
8f2ea7aa,training,True,,1,1,True,3,0,0,0,3,False,False
8fbca751,training,True,,1,1,True,3,0,0,0,3,False,False
8fff9e47,training,False,inconsistent_block_layout,,,,,,,,,,
902510d5,training,True,,1,1,True,4,0,0,0,4,False,False
90347967,training,True,,1,1,True,3,2,2,0,1,False,False
90c28cc7,training,False,output_not_block_multiple,,,,,,,,,,
90f3ed37,training,True,,1,1,True,3,0,0,0,3,False,False
9110e3c5,training,False,output_not_block_multiple,,,,,,,,,,
913fb3ed,training,True,,1,1,True,4,0,0,0,4,False,False
91413438,training,False,inconsistent_block_layout,,,,,,,,,,
91714a58,training,True,,1,1,True,3,0,0,0,3,False,False
9172f3a0,training,True,,3,3,False,18,8,8,0,10,False,False
917bccba,training,True,,1,1,True,3,0,0,0,3,False,False
928ad970,training,True,,1,1,True,3,0,0,0,3,False,False
92e50de0,training,True,,1,1,True,3,0,0,0,3,False,False
9344f635,training,True,,1,1,True,3,0,0,0,3,False,False
9356391f,training,True,,1,1,True,2,0,0,0,2,False,False
93b4f4b3,training,False,output_not_block_multiple,,,,,,,,,,
93b581b8,training,True,,1,1,True,3,0,0,0,3,False,False
93c31fbe,training,True,,1,1,True,3,0,0,0,3,False,False
94133066,training,False,output_not_block_multiple,,,,,,,,,,
941d9a10,training,True,,1,1,True,3,0,0,0,3,False,False
94414823,training,True,,1,1,True,3,0,0,0,3,False,False
9473c6fb,training,True,,1,1,True,3,0,0,0,3,False,False
94be5b80,training,True,,1,1,True,2,0,0,0,2,False,False
94f9d214,training,False,output_not_block_multiple,,,,,,,,,,
952a094c,training,True,,1,1,True,3,0,0,0,3,False,False
9565186b,training,True,,1,1,True,4,0,0,0,4,False,False
95755ff2,training,True,,1,1,True,3,0,0,0,3,False,False
95990924,training,True,,1,1,True,3,0,0,0,3,False,False
95a58926,training,True,,1,1,True,3,0,0,0,3,False,False
963c33f8,training,True,,1,1,True,3,0,0,0,3,False,False
963e52fc,training,True,,1,2,False,6,4,3,1,2,False,False
963f59bc,training,True,,1,1,True,4,0,0,0,4,False,False
96a8c0cd,training,True,,1,1,True,4,0,0,0,4,False,False
9720b24f,training,True,,1,1,True,4,0,0,0,4,False,False
97239e3d,training,True,,1,1,True,3,0,0,0,3,False,False
973e499e,training,False,inconsistent_block_layout,,,,,,,,,,
9772c176,training,True,,1,1,True,2,0,0,0,2,False,False
97999447,training,True,,1,1,True,3,0,0,0,3,False,False
97a05b5b,training,False,output_not_block_multiple,,,,,,,,,,
97c75046,training,True,,1,1,True,3,0,0,0,3,False,False
981add89,training,True,,1,1,True,2,0,0,0,2,False,False
9841fdad,training,True,,1,1,True,2,0,0,0,2,False,False
984d8a3e,training,True,,1,1,True,2,0,0,0,2,False,False
985ae207,training,True,,1,1,True,3,0,0,0,3,False,False
98c475bf,training,True,,1,1,True,4,0,0,0,4,False,False
98cf29f8,training,True,,1,1,True,3,0,0,0,3,False,False
992798f6,training,True,,1,1,True,4,0,0,0,4,False,False
99306f82,training,True,,1,1,True,3,0,0,0,3,False,False
995c5fa3,training,False,output_not_block_multiple,,,,,,,,,,
9968a131,training,True,,1,1,True,2,0,0,0,2,False,False
996ec1f3,training,False,output_not_block_multiple,,,,,,,,,,
99b1bc43,training,False,output_not_block_multiple,,,,,,,,,,
99caaf76,training,True,,1,1,True,3,0,0,0,3,False,False
99fa7670,training,True,,1,1,True,4,0,0,0,4,False,False
9a4bb226,training,False,output_not_block_multiple,,,,,,,,,,
9aec4887,training,False,output_not_block_multiple,,,,,,,,,,
9af7a82c,training,False,output_not_block_multiple,,,,,,,,,,
9b2a60aa,training,True,,1,1,True,3,0,0,0,3,False,False
9b30e358,training,True,,1,1,True,2,0,0,0,2,False,False
9b365c51,training,True,,1,1,True,3,0,0,0,3,False,False
9b4c17c4,training,True,,1,1,True,4,0,0,0,4,False,False
9b5080bb,training,True,,1,1,True,3,0,0,0,3,False,False
9ba4a9aa,training,False,output_not_block_multiple,,,,,,,,,,
9bebae7a,training,True,,1,1,True,5,0,0,0,5,False,False
9c1e755f,training,True,,1,1,True,4,0,0,0,4,False,False
9c56f360,training,True,,1,1,True,3,0,0,0,3,False,False
9caba7c3,training,True,,1,1,True,3,0,0,0,3,False,False
9caf5b84,training,True,,1,1,True,4,0,0,0,4,False,False
9d9215db,training,True,,1,1,True,3,0,0,0,3,False,False
9ddd00f0,training,True,,1,1,True,2,0,0,0,2,False,False
9def23fe,training,True,,1,1,True,3,0,0,0,3,False,False
9dfd6313,training,True,,1,1,True,3,0,0,0,3,False,False
9edfc990,training,True,,1,1,True,3,0,0,0,3,False,False
9f236235,training,False,output_not_block_multiple,,,,,,,,,,
9f27f097,training,True,,1,1,True,3,0,0,0,3,False,False
9f41bd9c,training,True,,1,1,True,2,0,0,0,2,False,False
9f5f939b,training,True,,1,1,True,3,0,0,0,3,False,False
9f669b64,training,True,,1,1,True,3,0,0,0,3,False,False
9f8de559,training,True,,1,1,True,4,0,0,0,4,False,False
a04b2602,training,True,,1,1,True,3,0,0,0,3,False,False
a096bf4d,training,True,,1,1,True,3,0,0,0,3,False,False
a09f6c25,training,True,,1,1,True,3,0,0,0,3,False,False
a1570a43,training,True,,1,1,True,4,0,0,0,4,False,False
a1aa0c1e,training,False,output_not_block_multiple,,,,,,,,,,
a2d730bd,training,True,,1,1,True,3,0,0,0,3,False,False
a2fd1cf0,training,True,,1,1,True,3,0,0,0,3,False,False
a3325580,training,False,output_not_block_multiple,,,,,,,,,,
a3f84088,training,True,,1,1,True,4,0,0,0,4,False,False
a406ac07,training,True,,1,1,True,3,0,0,0,3,False,False
a416b8f3,training,True,,1,2,False,6,6,6,0,0,True,False
a416fc5b,training,False,output_not_block_multiple,,,,,,,,,,
a48eeaf7,training,True,,1,1,True,2,0,0,0,2,False,False
a5313dff,training,True,,1,1,True,3,0,0,0,3,False,False
a57f2f04,training,True,,1,1,True,3,0,0,0,3,False,False
a59b95c0,training,False,inconsistent_block_layout,,,,,,,,,,
a5f85a15,training,True,,1,1,True,3,0,0,0,3,False,False
a61ba2ce,training,False,output_not_block_multiple,,,,,,,,,,
a61f2674,training,True,,1,1,True,2,0,0,0,2,False,False
a644e277,training,False,output_not_block_multiple,,,,,,,,,,
a64e4611,training,True,,1,1,True,3,0,0,0,3,False,False
a65b410d,training,True,,1,1,True,3,0,0,0,3,False,False
a680ac02,training,False,output_not_block_multiple,,,,,,,,,,
a68b268e,training,False,output_not_block_multiple,,,,,,,,,,
a6953f00,training,False,output_not_block_multiple,,,,,,,,,,
a699fb00,training,True,,1,1,True,3,0,0,0,3,False,False
a740d043,training,False,output_not_block_multiple,,,,,,,,,,
a78176bb,training,True,,1,1,True,3,0,0,0,3,False,False
a79310a0,training,True,,1,1,True,3,0,0,0,3,False,False
a834deea,training,True,,1,1,True,3,0,0,0,3,False,False
a85d4709,training,True,,1,1,True,4,0,0,0,4,False,False
a8610ef7,training,True,,1,1,True,4,0,0,0,4,False,False
a87f7484,training,False,output_not_block_multiple,,,,,,,,,,
a8c38be5,training,False,output_not_block_multiple,,,,,,,,,,
a8d7556c,training,True,,1,1,True,3,0,0,0,3,False,False
a934301b,training,True,,1,1,True,3,0,0,0,3,False,False
a9f96cdd,training,True,,1,1,True,4,0,0,0,4,False,False
aa18de87,training,True,,1,1,True,4,0,0,0,4,False,False
aa300dc3,training,True,,1,1,True,4,0,0,0,4,False,False
aa62e3f4,training,True,,1,1,True,2,0,0,0,2,False,False
aab50785,training,False,output_not_block_multiple,,,,,,,,,,
aabf363d,training,True,,1,1,True,2,0,0,0,2,False,False
aaecdb9a,training,False,output_not_block_multiple,,,,,,,,,,
aaef0977,training,True,,1,1,True,2,0,0,0,2,False,False
aba27056,training,True,,1,1,True,3,0,0,0,3,False,False
abbfd121,training,False,output_not_block_multiple,,,,,,,,,,
ac0a08a4,training,False,inconsistent_block_layout,,,,,,,,,,
ac0c2ac3,training,True,,1,1,True,3,0,0,0,3,False,False
ac0c5833,training,True,,1,1,True,3,0,0,0,3,False,False
ac2e8ecf,training,True,,1,1,True,3,0,0,0,3,False,False
ac3e2b04,training,True,,1,1,True,4,0,0,0,4,False,False
ac605cbb,training,True,,1,1,True,6,0,0,0,6,False,False
ac6f9922,training,False,output_not_block_multiple,,,,,,,,,,
ad173014,training,True,,1,1,True,3,0,0,0,3,False,False
ad38a9d0,training,True,,1,1,True,2,0,0,0,2,False,False
ad3b40cf,training,True,,1,1,True,3,0,0,0,3,False,False
ad7e01d0,training,False,inconsistent_block_layout,,,,,,,,,,
ae3edfdc,training,True,,1,1,True,3,0,0,0,3,False,False
ae4f1146,training,False,output_not_block_multiple,,,,,,,,,,
ae58858e,training,True,,1,1,True,4,0,0,0,4,False,False
aedd82e4,training,True,,1,1,True,4,0,0,0,4,False,False
aee291af,training,False,output_not_block_multiple,,,,,,,,,,
af24b4cc,training,False,output_not_block_multiple,,,,,,,,,,
af726779,training,True,,1,1,True,3,0,0,0,3,False,False
af902bf9,training,True,,1,1,True,3,0,0,0,3,False,False
afe3afe9,training,False,output_not_block_multiple,,,,,,,,,,
b0722778,training,False,output_not_block_multiple,,,,,,,,,,
b0c4d837,training,False,output_not_block_multiple,,,,,,,,,,
b0f4d537,training,False,output_not_block_multiple,,,,,,,,,,
b15fca0b,training,True,,1,1,True,5,0,0,0,5,False,False
b190f7f5,training,False,output_not_block_multiple,,,,,,,,,,
b1948b0a,training,True,,1,1,True,3,0,0,0,3,False,False
b1986d4b,training,False,output_not_block_multiple,,,,,,,,,,
b1fc8b8e,training,False,output_not_block_multiple,,,,,,,,,,
b20f7c8b,training,True,,1,1,True,3,0,0,0,3,False,False
b230c067,training,True,,1,1,True,3,0,0,0,3,False,False
b25e450b,training,True,,1,1,True,3,0,0,0,3,False,False
b27ca6d3,training,True,,1,1,True,2,0,0,0,2,False,False
b2862040,training,True,,1,1,True,4,0,0,0,4,False,False
b2bc3ffd,training,True,,1,1,True,3,0,0,0,3,False,False
b457fec5,training,True,,1,1,True,3,0,0,0,3,False,False
b4a43f3b,training,False,output_not_block_multiple,,,,,,,,,,
b527c5c6,training,True,,1,1,True,4,0,0,0,4,False,False
b548a754,training,True,,1,1,True,3,0,0,0,3,False,False
b5bb5719,training,True,,1,1,True,7,0,0,0,7,False,False
b60334d2,training,True,,1,1,True,2,0,0,0,2,False,False
b6afb2da,training,True,,1,1,True,2,0,0,0,2,False,False
b71a7747,training,False,output_not_block_multiple,,,,,,,,,,
b7249182,training,True,,1,1,True,3,0,0,0,3,False,False
b7256dcd,training,True,,1,1,True,2,0,0,0,2,False,False
b745798f,training,True,,1,1,True,3,0,0,0,3,False,False
b74ca5d1,training,True,,1,1,True,3,0,0,0,3,False,False
b775ac94,training,True,,1,1,True,3,0,0,0,3,False,False
b782dc8a,training,True,,1,1,True,2,0,0,0,2,False,False
b7955b3c,training,True,,1,1,True,3,0,0,0,3,False,False
b7999b51,training,False,output_not_block_multiple,,,,,,,,,,
b7cb93ac,training,False,output_not_block_multiple,,,,,,,,,,
b7f8a4d8,training,True,,1,1,True,3,0,0,0,3,False,False
b7fb29bc,training,True,,1,1,True,3,0,0,0,3,False,False
b8825c91,training,True,,1,1,True,4,0,0,0,4,False,False
b8cdaf2b,training,True,,1,1,True,4,0,0,0,4,False,False
b91ae062,training,False,inconsistent_block_layout,,,,,,,,,,
b942fd60,training,True,,1,1,True,6,0,0,0,6,False,False
b94a9452,training,False,output_not_block_multiple,,,,,,,,,,
b9630600,training,True,,1,1,True,3,0,0,0,3,False,False
b9b7f026,training,False,output_not_block_multiple,,,,,,,,,,
ba1aa698,training,False,output_not_block_multiple,,,,,,,,,,
ba26e723,training,True,,1,1,True,5,0,0,0,5,False,False
ba97ae07,training,True,,1,1,True,4,0,0,0,4,False,False
ba9d41b8,training,True,,1,1,True,3,0,0,0,3,False,False
bae5c565,training,True,,1,1,True,2,0,0,0,2,False,False
baf41dbf,training,True,,1,1,True,3,0,0,0,3,False,False
bb43febb,training,True,,1,1,True,2,0,0,0,2,False,False
bb52a14b,training,True,,1,1,True,3,0,0,0,3,False,False
bbb1b8b6,training,False,output_not_block_multiple,,,,,,,,,,
bbc9ae5d,training,False,inconsistent_block_layout,,,,,,,,,,
bc1d5164,training,False,output_not_block_multiple,,,,,,,,,,
bc4146bd,training,True,,1,5,False,20,20,20,0,0,True,False
bc93ec48,training,True,,1,1,True,3,0,0,0,3,False,False
bcb3040b,training,True,,1,1,True,3,0,0,0,3,False,False
bd14c3bf,training,True,,1,1,True,3,0,0,0,3,False,False
bd283c4a,training,True,,1,1,True,2,0,0,0,2,False,False
bd4472b8,training,True,,1,1,True,3,0,0,0,3,False,False
bd5af378,training,True,,1,1,True,4,0,0,0,4,False,False
bda2d7a6,training,True,,1,1,True,3,0,0,0,3,False,False
bdad9b1f,training,True,,1,1,True,2,0,0,0,2,False,False
be03b35f,training,False,output_not_block_multiple,,,,,,,,,,
be94b721,training,False,output_not_block_multiple,,,,,,,,,,
beb8660c,training,True,,1,1,True,3,0,0,0,3,False,False
bf32578f,training,True,,1,1,True,3,0,0,0,3,False,False
bf699163,training,False,output_not_block_multiple,,,,,,,,,,
bf89d739,training,True,,1,1,True,4,0,0,0,4,False,False
c074846d,training,True,,1,1,True,5,0,0,0,5,False,False
c0f76784,training,True,,1,1,True,3,0,0,0,3,False,False
c1990cce,training,False,inconsistent_block_layout,,,,,,,,,,
c1d99e64,training,True,,1,1,True,3,0,0,0,3,False,False
c3202e5a,training,False,output_not_block_multiple,,,,,,,,,,
c35c1b4c,training,True,,1,1,True,3,0,0,0,3,False,False
c3e719e8,training,True,,3,3,False,27,27,27,0,0,False,False
c3fa4749,training,True,,1,1,True,3,0,0,0,3,False,False
c444b776,training,True,,1,1,True,2,0,0,0,2,False,False
c48954c1,training,True,,3,3,False,27,27,23,4,0,True,False
c4d1a9ae,training,True,,1,1,True,2,0,0,0,2,False,False
c59eb873,training,True,,2,2,False,12,1,1,0,11,False,False
c6141b15,training,True,,1,1,True,3,0,0,0,3,False,False
c61be7dc,training,True,,1,1,True,3,0,0,0,3,False,False
c62e2108,training,True,,1,1,True,3,0,0,0,3,False,False
c64f1187,training,False,output_not_block_multiple,,,,,,,,,,
c658a4bd,training,False,output_not_block_multiple,,,,,,,,,,
c6e1b8da,training,True,,1,1,True,3,0,0,0,3,False,False
c7d4e6ad,training,True,,1,1,True,2,0,0,0,2,False,False
c803e39c,training,False,output_not_block_multiple,,,,,,,,,,
c87289bb,training,True,,1,1,True,4,0,0,0,4,False,False
c8b7cc0f,training,False,output_not_block_multiple,,,,,,,,,,
c8cbb738,training,False,output_not_block_multiple,,,,,,,,,,
c8f0f002,training,True,,1,1,True,3,0,0,0,3,False,False
c909285e,training,False,output_not_block_multiple,,,,,,,,,,
c920a713,training,False,output_not_block_multiple,,,,,,,,,,
c92b942c,training,True,,3,3,False,36,0,0,0,36,False,False
c9680e90,training,True,,1,1,True,3,0,0,0,3,False,False
c97c0139,training,True,,1,1,True,2,0,0,0,2,False,False
c9e6f938,training,True,,1,2,False,6,6,2,4,0,True,False
c9f8e694,training,True,,1,1,True,2,0,0,0,2,False,False
ca8de6ea,training,False,output_not_block_multiple,,,,,,,,,,
caa06a1f,training,True,,1,1,True,3,0,0,0,3,False,False
cad67732,training,True,,2,2,False,12,8,8,0,4,False,False
cb227835,training,True,,1,1,True,3,0,0,0,3,False,False
cbded52d,training,True,,1,1,True,3,0,0,0,3,False,False
cc9053aa,training,True,,1,1,True,3,0,0,0,3,False,False
ccd554ac,training,False,inconsistent_block_layout,,,,,,,,,,
cce03e0d,training,True,,3,3,False,27,27,27,0,0,False,False
cd3c21df,training,False,output_not_block_multiple,,,,,,,,,,
cdecee7f,training,False,output_not_block_multiple,,,,,,,,,,
ce039d91,training,True,,1,1,True,4,0,0,0,4,False,False
ce22a75a,training,True,,1,1,True,2,0,0,0,2,False,False
ce4f8723,training,False,output_not_block_multiple,,,,,,,,,,
ce602527,training,False,output_not_block_multiple,,,,,,,,,,
ce8d95cc,training,False,output_not_block_multiple,,,,,,,,,,
ce9e57f2,training,True,,1,1,True,3,0,0,0,3,False,False
cf133acc,training,True,,1,1,True,3,0,0,0,3,False,False
cf5fd0ad,training,True,,4,4,False,48,48,32,16,0,True,False
cf98881b,training,False,output_not_block_multiple,,,,,,,,,,
cfb2ce5a,training,True,,1,1,True,3,0,0,0,3,False,False
d017b73f,training,False,output_not_block_multiple,,,,,,,,,,
d037b0a7,training,True,,1,1,True,3,0,0,0,3,False,False
d06dbe63,training,True,,1,1,True,2,0,0,0,2,False,False
d07ae81c,training,True,,1,1,True,3,0,0,0,3,False,False
d0f5fe59,training,False,output_not_block_multiple,,,,,,,,,,
d10ecb37,training,False,output_not_block_multiple,,,,,,,,,,
d13f3404,training,True,,2,2,False,12,0,0,0,12,False,False
d19f7514,training,False,output_not_block_multiple,,,,,,,,,,
d22278a0,training,True,,1,1,True,4,0,0,0,4,False,False
d23f8c26,training,True,,1,1,True,3,0,0,0,3,False,False
d255d7a7,training,True,,1,1,True,3,0,0,0,3,False,False
d282b262,training,True,,1,1,True,3,0,0,0,3,False,False
d2abd087,training,True,,1,1,True,3,0,0,0,3,False,False
d2acf2cb,training,True,,1,1,True,3,0,0,0,3,False,False
d304284e,training,True,,1,1,True,2,0,0,0,2,False,False
d364b489,training,True,,1,1,True,2,0,0,0,2,False,False
d37a1ef5,training,True,,1,1,True,3,0,0,0,3,False,False
d406998b,training,True,,1,1,True,4,0,0,0,4,False,False
d43fd935,training,True,,1,1,True,3,0,0,0,3,False,False
d4469b4b,training,False,output_not_block_multiple,,,,,,,,,,
d47aa2ff,training,False,output_not_block_multiple,,,,,,,,,,
d492a647,training,True,,1,1,True,2,0,0,0,2,False,False
d4a91cb9,training,True,,1,1,True,3,0,0,0,3,False,False
d4b1c2b1,training,False,inconsistent_block_layout,,,,,,,,,,
d4c90558,training,False,output_not_block_multiple,,,,,,,,,,
d4f3cd78,training,True,,1,1,True,2,0,0,0,2,False,False
d511f180,training,True,,1,1,True,3,0,0,0,3,False,False
d56f2372,training,False,output_not_block_multiple,,,,,,,,,,
d5c634a2,training,False,output_not_block_multiple,,,,,,,,,,
d5d6de2d,training,True,,1,1,True,3,0,0,0,3,False,False
d631b094,training,False,output_not_block_multiple,,,,,,,,,,
d6542281,training,True,,1,1,True,3,0,0,0,3,False,False
d687bc17,training,True,,1,1,True,3,0,0,0,3,False,False
d6ad076f,training,True,,1,1,True,3,0,0,0,3,False,False
d6e50e54,training,True,,1,1,True,3,0,0,0,3,False,False
d749d46f,training,False,output_not_block_multiple,,,,,,,,,,
d753a70b,training,True,,1,1,True,3,0,0,0,3,False,False
d89b689b,training,True,,1,1,True,3,0,0,0,3,False,False
d8c310e9,training,True,,1,1,True,3,0,0,0,3,False,False
d90796e8,training,True,,1,1,True,3,0,0,0,3,False,False
d931c21c,training,True,,1,1,True,4,1,1,0,3,False,False
d93c6891,training,True,,1,1,True,3,0,0,0,3,False,False
d94c3b52,training,True,,1,1,True,3,0,0,0,3,False,False
d968ffd4,training,True,,1,1,True,3,0,0,0,3,False,False
d9f24cd1,training,True,,1,1,True,2,0,0,0,2,False,False
d9fac9be,training,False,output_not_block_multiple,,,,,,,,,,
da2b0fe3,training,True,,1,1,True,3,0,0,0,3,False,False
da6e95e5,training,False,output_not_block_multiple,,,,,,,,,,
dae9d2b5,training,False,output_not_block_multiple,,,,,,,,,,
db118e2a,training,False,output_not_block_multiple,,,,,,,,,,
db3e9e38,training,True,,1,1,True,2,0,0,0,2,False,False
db615bd4,training,True,,1,1,True,3,0,0,0,3,False,False
db7260a4,training,True,,1,1,True,5,0,0,0,5,False,False
db93a21d,training,True,,1,1,True,4,0,0,0,4,False,False
dbc1a6ce,training,True,,1,1,True,4,0,0,0,4,False,False
dc1df850,training,True,,1,1,True,3,0,0,0,3,False,False
dc2aa30b,training,True,,1,1,True,3,0,0,0,3,False,False
dc2e9a9d,training,True,,1,1,True,3,0,0,0,3,False,False
dc433765,training,True,,1,1,True,7,0,0,0,7,False,False
dc46ea44,training,True,,1,1,True,3,0,0,0,3,False,False
dce56571,training,True,,1,1,True,3,0,0,0,3,False,False
dd2401ed,training,True,,1,1,True,4,0,0,0,4,False,False
ddf7fa4f,training,True,,1,1,True,3,0,0,0,3,False,False
de1cd16c,training,False,output_not_block_multiple,,,,,,,,,,
de493100,training,False,output_not_block_multiple,,,,,,,,,,
ded97339,training,True,,1,1,True,3,0,0,0,3,False,False
df8cc377,training,True,,1,1,True,3,0,0,0,3,False,False
df978a02,training,True,,1,1,True,3,0,0,0,3,False,False
df9fd884,training,True,,1,1,True,3,0,0,0,3,False,False
e048c9ed,training,True,,1,1,True,4,0,0,0,4,False,False
e0fb7511,training,True,,1,1,True,3,0,0,0,3,False,False
e133d23d,training,False,output_not_block_multiple,,,,,,,,,,
e179c5f4,training,True,,1,1,True,3,0,0,0,3,False,False
e1baa8a4,training,False,output_not_block_multiple,,,,,,,,,,
e1d2900e,training,True,,1,1,True,3,0,0,0,3,False,False
e2092e0c,training,True,,1,1,True,3,0,0,0,3,False,False
e21a174a,training,True,,1,1,True,3,0,0,0,3,False,False
e21d9049,training,True,,1,1,True,2,0,0,0,2,False,False
e26a3af2,training,True,,1,1,True,3,0,0,0,3,False,False
e345f17b,training,False,output_not_block_multiple,,,,,,,,,,
e3497940,training,False,output_not_block_multiple,,,,,,,,,,
e39e9282,training,True,,1,1,True,3,0,0,0,3,False,False
e3f79277,training,False,output_not_block_multiple,,,,,,,,,,
e3fe1151,training,True,,1,1,True,3,0,0,0,3,False,False
e4075551,training,True,,1,1,True,3,0,0,0,3,False,False
e40b9e2f,training,True,,1,1,True,3,0,0,0,3,False,False
e41c6fd3,training,True,,1,1,True,3,0,0,0,3,False,False
e45ef808,training,True,,1,1,True,2,0,0,0,2,False,False
e4888269,training,True,,1,1,True,3,0,0,0,3,False,False
e48d4e1a,training,True,,1,1,True,4,0,0,0,4,False,False
e4941b18,training,True,,1,1,True,3,0,0,0,3,False,False
e5062a87,training,True,,1,1,True,3,0,0,0,3,False,False
e509e548,training,True,,1,1,True,3,0,0,0,3,False,False
e50d258f,training,False,output_not_block_multiple,,,,,,,,,,
e57337a4,training,False,output_not_block_multiple,,,,,,,,,,
e5790162,training,True,,1,1,True,5,0,0,0,5,False,False
e5c44e8f,training,True,,1,1,True,3,0,0,0,3,False,False
e619ca6e,training,True,,1,1,True,3,0,0,0,3,False,False
e633a9e5,training,False,output_not_block_multiple,,,,,,,,,,
e6721834,training,False,output_not_block_multiple,,,,,,,,,,
e681b708,training,True,,1,1,True,3,0,0,0,3,False,False
e69241bd,training,True,,1,1,True,3,0,0,0,3,False,False
e6de6e8f,training,False,output_not_block_multiple,,,,,,,,,,
e729b7be,training,True,,1,1,True,3,0,0,0,3,False,False
e73095fd,training,True,,1,1,True,3,0,0,0,3,False,False
e734a0e8,training,True,,1,1,True,2,0,0,0,2,False,False
e74e1818,training,True,,1,1,True,3,0,0,0,3,False,False
e760a62e,training,True,,1,1,True,3,0,0,0,3,False,False
e7639916,training,True,,1,1,True,3,0,0,0,3,False,False
e76a88a6,training,True,,1,1,True,2,0,0,0,2,False,False
e78887d1,training,False,output_not_block_multiple,,,,,,,,,,
e7a25a18,training,False,output_not_block_multiple,,,,,,,,,,
e7b06bea,training,True,,1,1,True,5,0,0,0,5,False,False
e7dd8335,training,True,,1,1,True,3,0,0,0,3,False,False
e84fef15,training,False,output_not_block_multiple,,,,,,,,,,
e8593010,training,True,,1,1,True,3,0,0,0,3,False,False
e872b94a,training,False,output_not_block_multiple,,,,,,,,,,
e88171ec,training,True,,1,1,True,3,0,0,0,3,False,False
e8dc4411,training,True,,1,1,True,3,0,0,0,3,False,False
e9614598,training,True,,1,1,True,2,0,0,0,2,False,False
e98196ab,training,False,output_not_block_multiple,,,,,,,,,,
e99362f0,training,False,output_not_block_multiple,,,,,,,,,,
e9ac8c9e,training,True,,1,1,True,3,0,0,0,3,False,False
e9afcf9a,training,True,,1,1,True,2,0,0,0,2,False,False
e9b4f6fc,training,False,output_not_block_multiple,,,,,,,,,,
e9bb6954,training,True,,1,1,True,4,0,0,0,4,False,False
e9c9d9a1,training,True,,1,1,True,3,0,0,0,3,False,False
e9fc42f2,training,False,output_not_block_multiple,,,,,,,,,,
ea32f347,training,True,,1,1,True,4,0,0,0,4,False,False
ea786f4a,training,True,,1,1,True,3,0,0,0,3,False,False
ea959feb,training,True,,1,1,True,3,0,0,0,3,False,False
ea9794b1,training,False,output_not_block_multiple,,,,,,,,,,
eb281b96,training,False,output_not_block_multiple,,,,,,,,,,
eb5a1d5d,training,False,output_not_block_multiple,,,,,,,,,,
ec883f72,training,True,,1,1,True,4,0,0,0,4,False,False
ecaa0ec1,training,True,,1,1,True,4,0,0,0,4,False,False
ecb67b6d,training,True,,1,1,True,3,0,0,0,3,False,False
ecdecbb3,training,True,,1,1,True,3,0,0,0,3,False,False
ed36ccf7,training,True,,1,1,True,4,4,3,1,0,True,False
ed74f2f2,training,False,output_not_block_multiple,,,,,,,,,,
ed98d772,training,True,,2,2,False,20,20,14,6,0,True,False
edcc2ff0,training,True,,1,1,True,3,0,0,0,3,False,False
ef135b50,training,True,,1,1,True,3,0,0,0,3,False,False
ef26cbf6,training,True,,1,1,True,2,0,0,0,2,False,False
f0100645,training,True,,1,1,True,2,0,0,0,2,False,False
f0afb749,training,True,,2,2,False,12,2,2,0,10,False,False
f0df5ff0,training,True,,1,1,True,3,0,0,0,3,False,False
f0f8a26d,training,True,,1,1,True,3,0,0,0,3,False,False
f15e1fac,training,True,,1,1,True,3,0,0,0,3,False,False
f18ec8cc,training,True,,1,1,True,4,0,0,0,4,False,False
f1bcbc2c,training,True,,1,1,True,4,0,0,0,4,False,False
f1cefba8,training,True,,1,1,True,3,0,0,0,3,False,False
f21745ec,training,True,,1,1,True,3,0,0,0,3,False,False
f25fbde4,training,False,output_not_block_multiple,,,,,,,,,,
f25ffba3,training,True,,1,1,True,2,0,0,0,2,False,False
f2829549,training,False,output_not_block_multiple,,,,,,,,,,
f28a3cbb,training,True,,1,1,True,2,0,0,0,2,False,False
f341894c,training,True,,1,1,True,3,0,0,0,3,False,False
f35d900a,training,True,,1,1,True,4,0,0,0,4,False,False
f3b10344,training,True,,1,1,True,3,0,0,0,3,False,False
f3cdc58f,training,True,,1,1,True,3,0,0,0,3,False,False
f3e14006,training,True,,1,1,True,4,0,0,0,4,False,False
f3e62deb,training,True,,1,1,True,6,0,0,0,6,False,False
f45f5ca7,training,True,,1,1,True,3,0,0,0,3,False,False
f5aa3634,training,False,output_not_block_multiple,,,,,,,,,,
f5b8619d,training,True,,2,2,False,12,0,0,0,12,False,False
f5c89df1,training,True,,1,1,True,3,0,0,0,3,False,False
f76d97a5,training,True,,1,1,True,3,0,0,0,3,False,False
f823c43c,training,True,,1,1,True,2,0,0,0,2,False,False
f83cb3f6,training,True,,1,1,True,3,0,0,0,3,False,False
f8a8fe49,training,True,,1,1,True,3,0,0,0,3,False,False
f8b3ba0a,training,False,output_not_block_multiple,,,,,,,,,,
f8be4b64,training,True,,1,1,True,4,0,0,0,4,False,False
f8c80d96,training,True,,1,1,True,3,0,0,0,3,False,False
f8cc533f,training,True,,1,1,True,3,0,0,0,3,False,False
f8f52ecc,training,True,,1,1,True,3,0,0,0,3,False,False
f8ff0b80,training,False,output_not_block_multiple,,,,,,,,,,
f9012d9b,training,False,output_not_block_multiple,,,,,,,,,,
f9a67cb5,training,True,,1,1,True,3,0,0,0,3,False,False
f9d67f8b,training,True,,1,1,True,4,0,0,0,4,False,False
fafd9572,training,True,,1,1,True,2,0,0,0,2,False,False
fafffa47,training,False,output_not_block_multiple,,,,,,,,,,
fb791726,training,True,,2,2,False,12,0,0,0,12,False,False
fbf15a0b,training,False,output_not_block_multiple,,,,,,,,,,
fc10701f,training,True,,1,1,True,3,0,0,0,3,False,False
fc4aaf52,training,True,,1,1,True,2,0,0,0,2,False,False
fc754716,training,True,,1,1,True,4,0,0,0,4,False,False
fcb5c309,training,False,output_not_block_multiple,,,,,,,,,,
fcc82909,training,True,,1,1,True,3,0,0,0,3,False,False
fd02da9e,training,True,,1,1,True,4,0,0,0,4,False,False
fd096ab6,training,True,,1,1,True,2,0,0,0,2,False,False
fd4b2b02,training,True,,1,1,True,3,0,0,0,3,False,False
fe45cba4,training,True,,1,1,True,2,0,0,0,2,False,False
fe9372f3,training,True,,1,1,True,2,0,0,0,2,False,False
fea12743,training,True,,1,1,True,3,0,0,0,3,False,False
feca6190,training,False,inconsistent_block_layout,,,,,,,,,,
ff2825db,training,True,,1,1,True,3,0,0,0,3,False,False
ff28f65a,training,False,output_not_block_multiple,,,,,,,,,,
ff72ca3e,training,True,,1,1,True,4,0,0,0,4,False,False
ff805c23,training,False,output_not_block_multiple,,,,,,,,,,
0934a4d8,evaluation,False,output_not_block_multiple,,,,,,,,,,
135a2760,evaluation,True,,1,1,True,2,0,0,0,2,False,False
136b0064,evaluation,False,output_not_block_multiple,,,,,,,,,,
13e47133,evaluation,True,,1,1,True,3,0,0,0,3,False,False
142ca369,evaluation,True,,1,1,True,3,0,0,0,3,False,False
16b78196,evaluation,True,,1,1,True,2,0,0,0,2,False,False
16de56c4,evaluation,True,,1,1,True,3,0,0,0,3,False,False
1818057f,evaluation,True,,1,1,True,3,0,0,0,3,False,False
195c6913,evaluation,True,,1,1,True,3,0,0,0,3,False,False
1ae2feb7,evaluation,True,,1,1,True,3,0,0,0,3,False,False
20270e3b,evaluation,False,output_not_block_multiple,,,,,,,,,,
20a9e565,evaluation,False,output_not_block_multiple,,,,,,,,,,
21897d95,evaluation,False,output_not_block_multiple,,,,,,,,,,
221dfab4,evaluation,True,,1,1,True,2,0,0,0,2,False,False
247ef758,evaluation,True,,1,1,True,3,0,0,0,3,False,False
269e22fb,evaluation,False,output_not_block_multiple,,,,,,,,,,
271d71e2,evaluation,True,,1,1,True,3,0,0,0,3,False,False
28a6681f,evaluation,True,,1,1,True,3,0,0,0,3,False,False
291dc1e1,evaluation,False,output_not_block_multiple,,,,,,,,,,
2b83f449,evaluation,True,,1,1,True,2,0,0,0,2,False,False
2ba387bc,evaluation,False,output_not_block_multiple,,,,,,,,,,
2c181942,evaluation,True,,1,1,True,3,0,0,0,3,False,False
2d0172a1,evaluation,False,output_not_block_multiple,,,,,,,,,,
31f7f899,evaluation,True,,1,1,True,3,0,0,0,3,False,False
332f06d7,evaluation,True,,1,1,True,4,0,0,0,4,False,False
35ab12c3,evaluation,True,,1,1,True,3,0,0,0,3,False,False
36a08778,evaluation,True,,1,1,True,6,0,0,0,6,False,False
38007db0,evaluation,False,output_not_block_multiple,,,,,,,,,,
3a25b0d8,evaluation,False,output_not_block_multiple,,,,,,,,,,
3dc255db,evaluation,True,,1,1,True,3,0,0,0,3,False,False
3e6067c3,evaluation,True,,1,1,True,3,0,0,0,3,False,False
409aa875,evaluation,True,,1,1,True,3,0,0,0,3,False,False
446ef5d2,evaluation,True,,1,1,True,2,0,0,0,2,False,False
45a5af55,evaluation,False,output_not_block_multiple,,,,,,,,,,
4a21e3da,evaluation,True,,1,1,True,3,0,0,0,3,False,False
4c3d4a41,evaluation,True,,1,1,True,2,0,0,0,2,False,False
4c416de3,evaluation,True,,1,1,True,3,0,0,0,3,False,False
4c7dc4dd,evaluation,False,output_not_block_multiple,,,,,,,,,,
4e34c42c,evaluation,False,output_not_block_multiple,,,,,,,,,,
53fb4810,evaluation,True,,1,1,True,2,0,0,0,2,False,False
5545f144,evaluation,False,output_not_block_multiple,,,,,,,,,,
581f7754,evaluation,True,,1,1,True,3,0,0,0,3,False,False
58490d8a,evaluation,False,output_not_block_multiple,,,,,,,,,,
58f5dbd5,evaluation,False,output_not_block_multiple,,,,,,,,,,
5961cc34,evaluation,True,,1,1,True,4,0,0,0,4,False,False
5dbc8537,evaluation,False,output_not_block_multiple,,,,,,,,,,
62593bfd,evaluation,True,,1,1,True,2,0,0,0,2,False,False
64efde09,evaluation,True,,1,1,True,2,0,0,0,2,False,False
65b59efc,evaluation,False,output_not_block_multiple,,,,,,,,,,
67e490f4,evaluation,False,output_not_block_multiple,,,,,,,,,,
6e453dd6,evaluation,True,,1,1,True,3,0,0,0,3,False,False
6e4f6532,evaluation,True,,1,1,True,2,0,0,0,2,False,False
6ffbe589,evaluation,False,output_not_block_multiple,,,,,,,,,,
71e489b6,evaluation,True,,1,1,True,3,0,0,0,3,False,False
7491f3cf,evaluation,True,,1,1,True,4,0,0,0,4,False,False
7666fa5d,evaluation,True,,1,1,True,2,0,0,0,2,False,False
78332cb0,evaluation,False,output_not_block_multiple,,,,,,,,,,
7b0280bc,evaluation,True,,1,1,True,3,0,0,0,3,False,False
7b3084d4,evaluation,False,output_not_block_multiple,,,,,,,,,,
7b5033c1,evaluation,False,output_not_block_multiple,,,,,,,,,,
7b80bb43,evaluation,True,,1,1,True,2,0,0,0,2,False,False
7c66cb00,evaluation,True,,1,1,True,3,0,0,0,3,False,False
7ed72f31,evaluation,True,,1,1,True,2,0,0,0,2,False,False
800d221b,evaluation,True,,1,1,True,3,0,0,0,3,False,False
80a900e0,evaluation,True,,1,1,True,2,0,0,0,2,False,False
8698868d,evaluation,False,output_not_block_multiple,,,,,,,,,,
88bcf3b4,evaluation,True,,1,1,True,5,0,0,0,5,False,False
88e364bc,evaluation,True,,1,1,True,3,0,0,0,3,False,False
89565ca0,evaluation,False,output_not_block_multiple,,,,,,,,,,
898e7135,evaluation,False,output_not_block_multiple,,,,,,,,,,
8b7bacbf,evaluation,True,,1,1,True,4,0,0,0,4,False,False
8b9c3697,evaluation,True,,1,1,True,3,0,0,0,3,False,False
8e5c0c38,evaluation,True,,1,1,True,2,0,0,0,2,False,False
8f215267,evaluation,True,,1,1,True,3,0,0,0,3,False,False
8f3a5a89,evaluation,True,,1,1,True,3,0,0,0,3,False,False
9385bd28,evaluation,True,,1,1,True,4,0,0,0,4,False,False
97d7923e,evaluation,True,,1,1,True,3,0,0,0,3,False,False
981571dc,evaluation,True,,1,1,True,4,0,0,0,4,False,False
9aaea919,evaluation,True,,1,1,True,3,0,0,0,3,False,False
9bbf930d,evaluation,True,,1,1,True,3,0,0,0,3,False,False
a251c730,evaluation,False,output_not_block_multiple,,,,,,,,,,
a25697e4,evaluation,True,,1,1,True,3,0,0,0,3,False,False
a32d8b75,evaluation,False,output_not_block_multiple,,,,,,,,,,
a395ee82,evaluation,True,,1,1,True,3,0,0,0,3,False,False
a47bf94d,evaluation,True,,1,1,True,3,0,0,0,3,False,False
a6f40cea,evaluation,False,output_not_block_multiple,,,,,,,,,,
aa4ec2a5,evaluation,True,,1,1,True,3,0,0,0,3,False,False
abc82100,evaluation,True,,1,1,True,4,0,0,0,4,False,False
b0039139,evaluation,False,output_not_block_multiple,,,,,,,,,,
b10624e5,evaluation,True,,1,1,True,2,0,0,0,2,False,False
b5ca7ac4,evaluation,True,,1,1,True,3,0,0,0,3,False,False
b6f77b65,evaluation,True,,1,1,True,5,1,1,0,4,False,False
b99e7126,evaluation,True,,1,1,True,3,0,0,0,3,False,False
b9e38dc0,evaluation,True,,1,1,True,3,0,0,0,3,False,False
bf45cf4b,evaluation,False,output_not_block_multiple,,,,,,,,,,
c4d067a0,evaluation,True,,1,1,True,3,0,0,0,3,False,False
c7f57c3e,evaluation,True,,1,1,True,2,0,0,0,2,False,False
cb2d8a2c,evaluation,True,,1,1,True,4,0,0,0,4,False,False
cbebaa4b,evaluation,True,,1,1,True,2,0,0,0,2,False,False
d35bdbdc,evaluation,True,,1,1,True,3,0,0,0,3,False,False
d59b0160,evaluation,True,,1,1,True,3,0,0,0,3,False,False
d8e07eb2,evaluation,True,,1,1,True,5,0,0,0,5,False,False
da515329,evaluation,True,,1,1,True,3,0,0,0,3,False,False
db0c5428,evaluation,True,,1,1,True,3,0,0,0,3,False,False
db695cfb,evaluation,True,,1,1,True,5,0,0,0,5,False,False
dbff022c,evaluation,True,,1,1,True,3,0,0,0,3,False,False
dd6b8c4b,evaluation,True,,1,1,True,3,0,0,0,3,False,False
de809cff,evaluation,True,,1,1,True,2,0,0,0,2,False,False
dfadab01,evaluation,True,,1,1,True,4,0,0,0,4,False,False
e12f9a14,evaluation,True,,1,1,True,4,0,0,0,4,False,False
e3721c99,evaluation,True,,1,1,True,2,0,0,0,2,False,False
e376de54,evaluation,True,,1,1,True,3,0,0,0,3,False,False
e8686506,evaluation,False,output_not_block_multiple,,,,,,,,,,
e87109e9,evaluation,False,output_not_block_multiple,,,,,,,,,,
edb79dae,evaluation,False,output_not_block_multiple,,,,,,,,,,
eee78d87,evaluation,False,output_not_block_multiple,,,,,,,,,,
f560132c,evaluation,False,output_not_block_multiple,,,,,,,,,,
f931b4a8,evaluation,False,output_not_block_multiple,,,,,,,,,,
faa9f03d,evaluation,True,,1,1,True,4,0,0,0,4,False,False
fc7cae8d,evaluation,False,output_not_block_multiple,,,,,,,,,,
